method,pool,recall@10,mrr@10,ndcg@10,query_count
raw_exact,10,0.7816666666666666,0.5839907407407408,0.6292364739010672,300
raw_hnsw,10,0.7816666666666666,0.5839907407407408,0.6292364739010672,300
larp_relation_only,10,0.6314444444444445,0.4355767195767196,0.47738828614408674,300
larp_hnsw_rerank,100,0.751,0.5750330687830687,0.614017217677343,300
larp_hnsw_rerank,250,0.7666666666666667,0.5812605820105821,0.6227685662972814,300
larp_hnsw_rerank,500,0.775,0.5829034391534391,0.6269135821323452,300
